login,name,company,location,email,hireable,bio,public_repos,followers,following,created_at
yyx990803,,,Singapore,,,,,,,
halfrost,,,Singapore,,,,,,,
DIYgod,,,Singapore,,,,,,,
yangshun,,,Singapore,,,,,,,
bytedance,,,Singapore,,,,,,,
Jinjiang,,,Singapore,,,,,,,
phith0n,,,Singapore,,,,,,,
cloudflare,,,Singapore,,,,,,,
rustdesk,,,Singapore,,,,,,,
mmumshad,,,Singapore,,,,,,,
Brooooooklyn,,,Singapore,,,,,,,
doodlewind,,,Singapore,,,,,,,
cch123,,,Singapore,,,,,,,
JamesNK,,,Singapore,,,,,,,
uknownothingsnow,,,Singapore,,,,,,,
Shib-Chain,,,Singapore,,,,,,,
kazura233,,,Singapore,,,,,,,
XingangPan,,,Singapore,,,,,,,
sonnylazuardi,,,Singapore,,,,,,,
Vamei,,,Singapore,,,,,,,
hpdang,,,Singapore,,,,,,,
CodexploreRepo,,,Singapore,,,,,,,
vintagewang,,,Singapore,,,,,,,
NaiboWang,,,Singapore,,,,,,,
zer0yu,,,Singapore,,,,,,,
fmzquant,,,Singapore,,,,,,,
cheeaun,,,Singapore,,,,,,,
fossasia,,,Singapore,,,,,,,
mithi,,,Singapore,,,,,,,
tanhauhau,,,Singapore,,,,,,,
